k,b_k
0,-0.00012398662263507891
1,2.9270591989698575e-19
2,0.00026664974623414223
3,0.00051275517207140025
4,0.00047768631518504208
5,-8.5108258520029991e-19
6,-0.00077473463270803496
7,-0.0013600249024008136
8,-0.0011778759501685273
9,1.7291336651619522e-18
10,0.0017100873620188983
11,0.0028747546347110873
12,0.0023980683235329866
13,-2.9201849411050905e-18
14,-0.0032737031628601748
15,-0.0053653364605335619
16,-0.0043766089102867493
17,4.354734123989893e-18
18,0.0057585792622894452
19,0.0092992428947353822
20,0.0074914781318760849
21,-5.9029232001957068e-18
22,-0.009681769788319557
23,-0.01555298352861554
24,-0.012498769608332497
25,7.3913316630778324e-18
26,0.016233977510846414
27,0.026305948052289928
28,0.021439697645331265
29,-8.6314807750303613e-18
30,-0.029305307953396302
31,-0.04955936610036623
32,-0.042936298257129558
33,9.4542347134654661e-18
34,0.073748513624595641
35,0.15791848112782378
36,0.22458917977200765
37,0.24992333260440688
38,0.22458917977200765
39,0.15791848112782378
40,0.073748513624595641
41,9.4542347134654661e-18
42,-0.042936298257129558
43,-0.04955936610036623
44,-0.029305307953396302
45,-8.6314807750303613e-18
46,0.021439697645331265
47,0.026305948052289928
48,0.016233977510846414
49,7.3913316630778324e-18
50,-0.012498769608332497
51,-0.01555298352861554
52,-0.009681769788319557
53,-5.9029232001957068e-18
54,0.0074914781318760849
55,0.0092992428947353822
56,0.0057585792622894452
57,4.354734123989893e-18
58,-0.0043766089102867493
59,-0.0053653364605335619
60,-0.0032737031628601748
61,-2.9201849411050905e-18
62,0.0023980683235329866
63,0.0028747546347110873
64,0.0017100873620188983
65,1.7291336651619522e-18
66,-0.0011778759501685273
67,-0.0013600249024008136
68,-0.00077473463270803496
69,-8.5108258520029991e-19
70,0.00047768631518504208
71,0.00051275517207140025
72,0.00026664974623414223
73,2.9270591989698575e-19
74,-0.00012398662263507891
